platform,id,title,text,score,created_date,author,url
twitter,1938973470227857422,@Beltarmon @Burning_Myn Me pasa constantemente con...,"@Beltarmon @Burning_Myn Me pasa constantemente con PokÃ©mon, hollow knight 
O cualquier franquicia de nintendo
Son franquicias que amo pero no creo que a tal punto de desearle la muerte a alguien solo porque mostrÃ³ un punto negativo de esta 
Por cosas asÃ­ deje de consumir anime/manga hace aÃ±os https://t.co/gL6Vq1C8tf",0,2025-06-28 14:51:14+00:00,1506077140994998276,https://twitter.com/i/status/1938973470227857422
twitter,1938973370722472172,Nintendo Switch 2 ãƒˆãƒ©ãƒ â¤ï¸ https://t.co/LJEwsXRiQY,Nintendo Switch 2 ãƒˆãƒ©ãƒ â¤ï¸ https://t.co/LJEwsXRiQY,0,2025-06-28 14:50:50+00:00,1380151934137536512,https://twitter.com/i/status/1938973370722472172
twitter,1938973355002020181,VÃ£o dizer que a culpa Ã© da Nintendo em 3...2....1....,VÃ£o dizer que a culpa Ã© da Nintendo em 3...2....1.... https://t.co/bBjiAyp3Ti,0,2025-06-28 14:50:46+00:00,3252928414,https://twitter.com/i/status/1938973355002020181
twitter,1938973343144911160,@NintyPrime Don't let haters get to you many just ...,@NintyPrime Don't let haters get to you many just troll as nothing else to do. Love your content and dedication you put into all your work. Top content that keeps me informed for Nintendo and appreciate all you do!,0,2025-06-28 14:50:44+00:00,1516488950608711689,https://twitter.com/i/status/1938973343144911160
twitter,1938973328649421064,"@Shiro_val ãŠé¡˜ã„ã—ã¾ã™ï¼

https://t.co/iXJWQFz21E","@Shiro_val ãŠé¡˜ã„ã—ã¾ã™ï¼

https://t.co/iXJWQFz21E",0,2025-06-28 14:50:40+00:00,1730836231964213248,https://twitter.com/i/status/1938973328649421064
twitter,1938973289675923499,"Nintendo Switch2âš¡PR
Amazonã®æ‹›å¾…ãƒªã‚¯ã‚¨ã‚¹ãƒˆ

ã‚¹ã‚¤ãƒƒãƒï¼’ã‚¹ãƒˆã‚¢
ğŸ‘‰http...","Nintendo Switch2âš¡PR
Amazonã®æ‹›å¾…ãƒªã‚¯ã‚¨ã‚¹ãƒˆ

ã‚¹ã‚¤ãƒƒãƒï¼’ã‚¹ãƒˆã‚¢
ğŸ‘‰https://t.co/2Nw0HgpEBr

ãƒãƒªã‚« ã‚»ãƒƒãƒˆ
ğŸ‘‰https://t.co/QSwkT8DBbQ

æŠ½é¸çµæœ
ğŸ‘‰https://t.co/1dUONx5BKU

å½“é¸å¾Œ48æ™‚é–“ä»¥å†…ã«æ³¨æ–‡ã—ãªã„ã¨è³¼å…¥æ¨©åˆ©ãŒãªããªã‚Šã¾ã™!!

ãƒ“ãƒƒã‚°ã‚«ãƒ¡ãƒ© ãƒ¨ãƒ‰ãƒã‚· #switch2 ä»»å¤©å ‚",0,2025-06-28 14:50:31+00:00,1779416310172319744,https://twitter.com/i/status/1938973289675923499
twitter,1938973196931530917,E a Nintendo Ã© mercenÃ¡ria? Ahauahauau https://t.co...,E a Nintendo Ã© mercenÃ¡ria? Ahauahauau https://t.co/2D1ByviLAn,0,2025-06-28 14:50:09+00:00,1873021535490883584,https://twitter.com/i/status/1938973196931530917
twitter,1938973184985853963,"ğŸš¨ My Switch2 Mission Needs YOU!
 Be the hero who p...","ğŸš¨ My Switch2 Mission Needs YOU!
 Be the hero who powers me up ğŸ”‹
 ğŸ‘‰ 1 Tap = You WIN a FREE Nintendo Switch 2 + Mario Kart Bundle too!
 Letâ€™s race to victory! ğŸ† https://t.co/Xikb2vX7lS #PolyBuzz #SWITCH2",0,2025-06-28 14:50:06+00:00,1466919615427223554,https://twitter.com/i/status/1938973184985853963
twitter,1938973184188903889,"@midgar94 @TRIPSTER0 Nintendo is not doomed, stop ...","@midgar94 @TRIPSTER0 Nintendo is not doomed, stop spewing bullshit.",0,2025-06-28 14:50:06+00:00,1621425165623074817,https://twitter.com/i/status/1938973184188903889
twitter,1938973163641082284,Thanks Nintendo https://t.co/ZWYsldnrzw,Thanks Nintendo https://t.co/ZWYsldnrzw,0,2025-06-28 14:50:01+00:00,1396181230522179584,https://twitter.com/i/status/1938973163641082284
twitter,1938973161019576568,"Nintendo Switch2å½“è½ç™ºè¡¨â­
Amazonã®æ‹›å¾…è²©å£²ç”³ã—è¾¼ã¿å‡ºæ¥ã‚‹ğŸµ

(æ—¥æœ¬èªãƒ»å›½å†…...","Nintendo Switch2å½“è½ç™ºè¡¨â­
Amazonã®æ‹›å¾…è²©å£²ç”³ã—è¾¼ã¿å‡ºæ¥ã‚‹ğŸµ

(æ—¥æœ¬èªãƒ»å›½å†…å°‚ç”¨) ãƒãƒªã‚ªã‚«ãƒ¼ãƒˆ ãƒ¯ãƒ¼ãƒ«ãƒ‰ ã‚»ãƒƒãƒˆ
â–¶https://t.co/q8ly52NQzp

ã‚¹ã‚¤ãƒƒãƒ2 ç‰¹è¨­ãƒšãƒ¼ã‚¸
â–¶https://t.co/mPV3IaiJvo

ãƒ“ãƒƒã‚¯ã‚«ãƒ¡ãƒ© ãƒ¨ãƒ‰ãƒã‚· ãƒ¤ãƒãƒ€
#ad #NintendoSwitch2 23:50",0,2025-06-28 14:50:00+00:00,1923672079641214980,https://twitter.com/i/status/1938973161019576568
twitter,1938973127222141171,"@k7_phoenix éƒ¨å±‹ç«‹ã¦ã§ã™ãŠé¡˜ã„ã—ã¾ã™ï¼

https://t.co/1vzdHtnLhp","@k7_phoenix éƒ¨å±‹ç«‹ã¦ã§ã™ãŠé¡˜ã„ã—ã¾ã™ï¼

https://t.co/1vzdHtnLhp",0,2025-06-28 14:49:52+00:00,1620878995624726528,https://twitter.com/i/status/1938973127222141171
twitter,1938973125162549667,"ğŸš¨ My Switch2 Mission Needs YOU!
 Be the hero who p...","ğŸš¨ My Switch2 Mission Needs YOU!
 Be the hero who powers me up ğŸ”‹
 ğŸ‘‰ 1 Tap = You WIN a FREE Nintendo Switch 2 + Mario Kart Bundle too!
 Letâ€™s race to victory! ğŸ† https://t.co/tEW121HQ9v #PolyBuzz #SWITCH2",0,2025-06-28 14:49:52+00:00,1855469975253004288,https://twitter.com/i/status/1938973125162549667
twitter,1938973113095700946,"æœ¬æ—¥ã®å‹•ç”»ï¼
ä»Šå›ã¯ã‚¢ãƒ•ã‚¿ãƒŒãƒ¼ãƒ³ãƒ†ã‚£ãƒ¼ã¨ãŠæ´‹æœã‚’ä½œã‚Šã¾ã—ãŸğŸ˜Š

ã‚»ãƒ³ã‚¹ã®ãªã„ã‚¢ãƒ•ã‚¿ãƒŒãƒ¼ãƒ³ãƒ†ã‚£ãƒ¼ã‚’ã€ãŸ...","æœ¬æ—¥ã®å‹•ç”»ï¼
ä»Šå›ã¯ã‚¢ãƒ•ã‚¿ãƒŒãƒ¼ãƒ³ãƒ†ã‚£ãƒ¼ã¨ãŠæ´‹æœã‚’ä½œã‚Šã¾ã—ãŸğŸ˜Š

ã‚»ãƒ³ã‚¹ã®ãªã„ã‚¢ãƒ•ã‚¿ãƒŒãƒ¼ãƒ³ãƒ†ã‚£ãƒ¼ã‚’ã€ãŸã¾ã”ã£ã¡ã®ãƒ—ãƒãƒ—ãƒãŠã¿ã›ã£ã¡ãŠã¾ã¡ã©ï½ã•ã¾ï¼Nintendo Switch 2 Editionã€‘ https://t.co/M4bDs1cHNk @YouTubeã‹ã‚‰",0,2025-06-28 14:49:49+00:00,904174563491176448,https://twitter.com/i/status/1938973113095700946
twitter,1938973089712480599,"@spl_kawa @no_TL https://t.co/OhDbU5dKkc
ãŠé¡˜ã„ã—ã¾ã™","@spl_kawa @no_TL https://t.co/OhDbU5dKkc
ãŠé¡˜ã„ã—ã¾ã™",0,2025-06-28 14:49:43+00:00,1837962217867956224,https://twitter.com/i/status/1938973089712480599
twitter,1938973056132944324,"ãˆãˆã£â€¼ï¸Amazonå½“è½å•†å“ãƒšãƒ¼ã‚¸ã§çµæœã‚ã‹ã‚‹ğŸ¤©
Nintendo Switch2

æœ¬ä½“
â–¶ï¸ ...","ãˆãˆã£â€¼ï¸Amazonå½“è½å•†å“ãƒšãƒ¼ã‚¸ã§çµæœã‚ã‹ã‚‹ğŸ¤©
Nintendo Switch2

æœ¬ä½“
â–¶ï¸ https://t.co/FXuD3nYjx1
ãƒãƒªã‚«ãƒ¼ã‚»ãƒƒãƒˆ
â–¶ï¸ https://t.co/hStymuZAOH
æœ¬ä½“ï¼‹SD
â–¶ï¸ https://t.co/QXXNUdtuma
ãƒãƒªã‚«ï¼‹SD
â–¶ï¸ https://t.co/4FbaP4l3Hg

å½“é¸ã—ã¦ã¾ã™ã‚ˆã†ã«ğŸ¥¹

#Switch2 ã‚¹ã‚¤ãƒƒãƒï¼’ãƒ¨ãƒ‰ãƒã‚· PR 06/28 23:48",0,2025-06-28 14:49:35+00:00,1757369433629376512,https://twitter.com/i/status/1938973056132944324
twitter,1938973050814505237,@ArturoBismuto After Luigi. As asked Nintendo. ğŸ¤­ A...,@ArturoBismuto After Luigi. As asked Nintendo. ğŸ¤­ And supposedly Luigi beat Link. ğŸ¤¨,0,2025-06-28 14:49:34+00:00,3902755913,https://twitter.com/i/status/1938973050814505237
twitter,1938973025921310757,Nintendo Switch 2 ã®æœ¬ä½“BANã¯ä¸é©åˆ‡ãªãƒ—ãƒ¬ã‚¤ãƒ¤ãƒ¼åã«ã‚‚é©ç”¨ã€‚æš´è¨€ãªã©ã‚‚æœ¬ä½“BAN...,"Nintendo Switch 2 ã®æœ¬ä½“BANã¯ä¸é©åˆ‡ãªãƒ—ãƒ¬ã‚¤ãƒ¤ãƒ¼åã«ã‚‚é©ç”¨ã€‚æš´è¨€ãªã©ã‚‚æœ¬ä½“BANå¯¾è±¡ï¼Ÿ https://t.co/GVfXGDXqhT 

ã•ã™ãŒã«ã“ã‚Œã¯ã‚¬ã‚»ã ã‚ã†...",0,2025-06-28 14:49:28+00:00,135804704,https://twitter.com/i/status/1938973025921310757
twitter,1938972926885367824,"ãŠã£ï¼
Switch2å‘¨è¾ºæ©Ÿå™¨
Amazonã§è³¼å…¥ã§ãã‚‹ãƒ¼ğŸ¤­

ğŸ”»ã€ä¸€è¦§ã€‘ã‚¹ã‚¤ãƒƒãƒ2ã‚¢ã‚¯ã‚»ã‚µãƒªãƒ¼
h...","ãŠã£ï¼
Switch2å‘¨è¾ºæ©Ÿå™¨
Amazonã§è³¼å…¥ã§ãã‚‹ãƒ¼ğŸ¤­

ğŸ”»ã€ä¸€è¦§ã€‘ã‚¹ã‚¤ãƒƒãƒ2ã‚¢ã‚¯ã‚»ã‚µãƒªãƒ¼
https://t.co/JEj26oflIO

ğŸ”»USBã‚«ãƒ¡ãƒ© ãƒ‘ãƒƒã‚¯ãƒ³ãƒ•ãƒ©ãƒ¯ãƒ¼
https://t.co/GvM8bhwf3J

æœ¬ä½“ã®æ¬¡ã¯ãƒ—ãƒ­ã‚³ãƒ³2ã®å…¥è·å¾…ã¡ã‹ğŸ˜‡
åº—é ­ã¯å£²ã‚Šåˆ‡ã‚Œã¦ãŸï½

#PR",0,2025-06-28 14:49:04+00:00,1871164850254290944,https://twitter.com/i/status/1938972926885367824
twitter,1938972917003612391,"@nyudebu https://t.co/RWDxdCLHxw
å¯¾æˆ¦ã‚ˆã‚ã—ããŠé¡˜ã„ã—ã¾ã™ï¼","@nyudebu https://t.co/RWDxdCLHxw
å¯¾æˆ¦ã‚ˆã‚ã—ããŠé¡˜ã„ã—ã¾ã™ï¼",0,2025-06-28 14:49:02+00:00,1626220985807687682,https://twitter.com/i/status/1938972917003612391
twitter,1938972896103460873,"ã‚¶ãƒã‚¼ãƒ³ã‚¿ ã‚’è¦‹ã¦ãŸã‚‰ã€ã“ã‚ŒãŒæ°—ã«ãªã£ã¦ããŸ

Nintendo Switch Lite ãƒã‚±ãƒ¢ãƒ³ãƒ‡...","ã‚¶ãƒã‚¼ãƒ³ã‚¿ ã‚’è¦‹ã¦ãŸã‚‰ã€ã“ã‚ŒãŒæ°—ã«ãªã£ã¦ããŸ

Nintendo Switch Lite ãƒã‚±ãƒ¢ãƒ³ãƒ‡ã‚¶ã‚¤ãƒ³ ã‚¶ã‚·ã‚¢ãƒ³ãƒ»ã‚¶ãƒ
https://t.co/u5JpLyKyem",0,2025-06-28 14:48:57+00:00,1917880816279146496,https://twitter.com/i/status/1938972896103460873
twitter,1938972861445935609,@sanchangox @statesminds @Wario64 And i never sile...,"@sanchangox @statesminds @Wario64 And i never silence Anyone because i'm right no matter what You try to do , with nintendo mostly happen Bad things than the rest of other platforms when is about their price You said that only put discounts a few days ago , nintendo almost never do THIS very often",0,2025-06-28 14:48:49+00:00,1480345340624658435,https://twitter.com/i/status/1938972861445935609
twitter,1938972858220453907,@eimphaziz HILLU LEOLEOLEO AKU BOCIL IRI KAMU PUNY...,@eimphaziz HILLU LEOLEOLEO AKU BOCIL IRI KAMU PUNYA NINTENDO,0,2025-06-28 14:48:48+00:00,3392877376,https://twitter.com/i/status/1938972858220453907
twitter,1938972823768195379,@MetroidFREAK21 @Ruleof2Review I really donâ€™t get ...,@MetroidFREAK21 @Ruleof2Review I really donâ€™t get why people say stuff like this. Donâ€™t you think itâ€™s a bit condescending to reduce people criticism of Nintendo removing the only option to get a guaranteed traditional 3 lap race on a game they paid $80 for to â€œtaking the game too seriousâ€?,1,2025-06-28 14:48:40+00:00,1931834473143832576,https://twitter.com/i/status/1938972823768195379
twitter,1938972743657296125,Nintendo might be charging for 'Switch 2 Editions'...,Nintendo might be charging for 'Switch 2 Editions' but the firm has also released a range of FREE upgrade patches for key Switch 1 games running on the new console - and the results are superb. @oliemack and @dark1x compare notes: https://t.co/mvxyjNfI52 https://t.co/CDtLI0Qea1,12,2025-06-28 14:48:21+00:00,20795811,https://twitter.com/i/status/1938972743657296125
twitter,1938972724799643934,"ğŸ“¢ Big News! ğŸ®ğŸŒ
Mark your calendars for Julyâ€¯17,â€¯20...","ğŸ“¢ Big News! ğŸ®ğŸŒ
Mark your calendars for Julyâ€¯17,â€¯2025â€”the day Donkey Kong Bananza arrives on Nintendo Switchâ€¯2! ğŸ‰ This dazzling 3D revival is Kongâ€™s first full-scale adventure in over 20 years, pulling him deep underground in the lush, destructible world of Ingot Isle.
âœ¨ https://t.co/zQ61eCWg1M",2,2025-06-28 14:48:16+00:00,1866911848232321024,https://twitter.com/i/status/1938972724799643934
twitter,1938972708743893318,@MidTheBean Good morning I just went through the Y...,@MidTheBean Good morning I just went through the Yoshi's Story soundtrack on Nintendo Music https://t.co/5X3FQdZF9Q,0,2025-06-28 14:48:12+00:00,1108453234723749893,https://twitter.com/i/status/1938972708743893318
twitter,1938972702435631256,"@yamaa0117 ã“ã¡ã‚‰ã§ãŠé¡˜ã„ã—ã¾ã™
å¯¾æˆ¦ã‚ˆã‚ã—ããŠé¡˜ã„ã—ã¾ã™ï¼
https://t.co/V...","@yamaa0117 ã“ã¡ã‚‰ã§ãŠé¡˜ã„ã—ã¾ã™
å¯¾æˆ¦ã‚ˆã‚ã—ããŠé¡˜ã„ã—ã¾ã™ï¼
https://t.co/VfD6dqkSOh",0,2025-06-28 14:48:11+00:00,1432649265126330371,https://twitter.com/i/status/1938972702435631256
twitter,1938972682327880135,"Switch2ãŒå±Šãå‰ã«ã€ä»Šã®ã†ã¡ã«æ‰‹ã«å…¥ã‚Œã‚ˆã†ï¼

Proã‚³ãƒ³ãƒˆãƒ­ãƒ¼ãƒ©ãƒ¼ Nintendo Swi...","Switch2ãŒå±Šãå‰ã«ã€ä»Šã®ã†ã¡ã«æ‰‹ã«å…¥ã‚Œã‚ˆã†ï¼

Proã‚³ãƒ³ãƒˆãƒ­ãƒ¼ãƒ©ãƒ¼ Nintendo Switch
ğŸ”—https://t.co/gkg1mNRxaR

ãŸã¾ã”ã£ã¡
ğŸ”—https://t.co/3yavmYx0ev

#ãƒãƒªã‚ªã‚«ãƒ¼ãƒˆãƒ¯ãƒ¼ãƒ«ãƒ‰ 
â¡ï¸https://t.co/CnrAFBdQJQ

ã‚¬ãƒ©ã‚¹ãƒ•ã‚¤ãƒ«ãƒ  Switch2
ğŸ‘‰https://t.co/t1r4rLbW4f

#PR ãƒ‹ãƒ³ãƒ€ã‚¤",0,2025-06-28 14:48:06+00:00,1906128633271549953,https://twitter.com/i/status/1938972682327880135
twitter,1938972674681680133,@MoofusHasPassed Nintendo fans Donr go to heaven t...,@MoofusHasPassed Nintendo fans Donr go to heaven tho!,0,2025-06-28 14:48:04+00:00,1507813683166068749,https://twitter.com/i/status/1938972674681680133
twitter,1938972657350783400,"For creative minds https://t.co/9ilgTaZ72F
Play in...","For creative minds https://t.co/9ilgTaZ72F
Play inside of your #painting with a bit of AI magic â¤ï¸ğŸ® #indiedev #gamedev #switch #Nindie #madewithunity #NintendoLife #PixelArt #8bitart #discord #supermariomaker2 #Yoshi #family #artificialintelligence #puzzle #games #indiegames https://t.co/GfvRpe8CI4",0,2025-06-28 14:48:00+00:00,952502046,https://twitter.com/i/status/1938972657350783400
twitter,1938972572315467800,sonhei que eu tava ajudando o felipe neto na grava...,sonhei que eu tava ajudando o felipe neto na gravaÃ§Ã£o de alguma coisa e ele me deu o nintendo switch antigo dele de presente,0,2025-06-28 14:47:40+00:00,3401855025,https://twitter.com/i/status/1938972572315467800
twitter,1938972564795138100,Itâ€™s like being able to play your favorite video g...,"Itâ€™s like being able to play your favorite video game on any console PlayStation, Xbox, or Nintendo! For example, EnsoBuild showed off a Shortcut with a tool called HeyElsaAI.  approving tokens or switching networks. Itâ€™s like teleporting right to the fun part!",0,2025-06-28 14:47:38+00:00,1750157897814646784,https://twitter.com/i/status/1938972564795138100
twitter,1938972477054464269,"New Release by HR!

Prison_Princess_plus_Prison_Pr...","New Release by HR!

Prison_Princess_plus_Prison_Princess_Trapped_Allure_Collection_NSW-HR [01000E60223BE000][64402060]
Size: 1.86 GiB

View on Tinfoil: https://t.co/sQAn3Yqf90
View on eShop: https://t.co/DJwQA8yXlb https://t.co/GKUPUhQwo2",0,2025-06-28 14:47:17+00:00,1586656821892317184,https://twitter.com/i/status/1938972477054464269
twitter,1938972453117796758,"ï¼¼æ¥½å¤©ãƒã‚¤ãƒ³ãƒˆUPã‚­ãƒ£ãƒ³ãƒšãƒ¼ãƒ³ä¸­ï¼

ã€æ–°å“ã€‘Nintendo Switch 2 Proã‚³ãƒ³ãƒˆãƒ­ãƒ¼ãƒ©...","ï¼¼æ¥½å¤©ãƒã‚¤ãƒ³ãƒˆUPã‚­ãƒ£ãƒ³ãƒšãƒ¼ãƒ³ä¸­ï¼

ã€æ–°å“ã€‘Nintendo Switch 2 Proã‚³ãƒ³ãƒˆãƒ­ãƒ¼ãƒ©ãƒ¼ BEE-A-FSSKA

â†“æ¥½å¤©ã¯ã‚³ãƒãƒ©
https://t.co/mNGHiFSIEs

#ãƒã‚¢å•†ç¤¾æ¥½å¤©å¸‚å ´åº— #PR",0,2025-06-28 14:47:11+00:00,1898957899055218688,https://twitter.com/i/status/1938972453117796758
twitter,1938972450794225683,@_nintendo_006 ë‘ë‘¥ ã„´ã…‡ã„±,@_nintendo_006 ë‘ë‘¥ ã„´ã…‡ã„±,0,2025-06-28 14:47:11+00:00,1937396412054142978,https://twitter.com/i/status/1938972450794225683
twitter,1938972429650669970,nintendo ahh music and i love it https://t.co/DiDW...,nintendo ahh music and i love it https://t.co/DiDWoWfppL,0,2025-06-28 14:47:06+00:00,1188035385391104000,https://twitter.com/i/status/1938972429650669970
twitter,1938972419416563884,"VoilÃ  le rÃ©sultat avec les films et jeux rangÃ©s, i...","VoilÃ  le rÃ©sultat avec les films et jeux rangÃ©s, il me reste un peu de place pour de futur acquisition ğŸ¤© #PlayStation #Nintendo #Cinema #Hollywood #Geekcollector #Film https://t.co/8tlnWRzDPk",0,2025-06-28 14:47:03+00:00,59428197,https://twitter.com/i/status/1938972419416563884
twitter,1938972413418709243,Wi-Fiãƒ«ãƒ¼ã‚¿ãƒ¼ã®é¸ã³æ–¹ã«è¿·ã†æ™‚ã€Œä¸€èˆ¬å®¶åº­ã§ã®åˆ©ç”¨ã€ã€ŒSNSã‚„YouTubeç­‰ã®å‹•ç”»é–²è¦§ãŒä¸­å¿ƒã€ãª...,Wi-Fiãƒ«ãƒ¼ã‚¿ãƒ¼ã®é¸ã³æ–¹ã«è¿·ã†æ™‚ã€Œä¸€èˆ¬å®¶åº­ã§ã®åˆ©ç”¨ã€ã€ŒSNSã‚„YouTubeç­‰ã®å‹•ç”»é–²è¦§ãŒä¸­å¿ƒã€ãªã‚‰Buffaloã®å®‰ã„ãƒ¢ãƒ‡ãƒ«ã§ååˆ†ã€‚å›½ç”£ã§æœ€å®‰å€¤3000å††å°ã£ã¦æ¿€å®‰ã ã—ã‚³ã‚¹ãƒ‘æœ€å¼·ã§ãŠã™ã™ã‚ã€‚è¶…åºƒã„å®¶ã§å¤§äººæ•°ã§WiFiåŒæ™‚æ¥ç¶šã§ã‚‚ã—ãªã„é™ã‚Šã€ãƒãƒƒãƒ•ã‚¡ãƒ­ãƒ¼ä¸€æŠã§PRã—ãŸã„ã€‚ https://t.co/BXbcHfEuj6,0,2025-06-28 14:47:02+00:00,1468625392072531973,https://twitter.com/i/status/1938972413418709243
twitter,1938972410759487715,"J'ai reÃ§u mon nouveau meuble tÃ©lÃ©, de quoi bien ra...","J'ai reÃ§u mon nouveau meuble tÃ©lÃ©, de quoi bien ranger mes films et jeux physiques ğŸ¤© je suis comme un fou ğŸ˜Š #Geekcollector #PlayStation #Nintendo #Cinema #Hollywood #Film https://t.co/oJkFXqoMl4",0,2025-06-28 14:47:01+00:00,59428197,https://twitter.com/i/status/1938972410759487715
twitter,1938972353142366355,"@Gluttony_ghost7 ãŠé¡˜ã„ã—ã¾ã™ï¼

https://t.co/loAABNpoBr","@Gluttony_ghost7 ãŠé¡˜ã„ã—ã¾ã™ï¼

https://t.co/loAABNpoBr",0,2025-06-28 14:46:48+00:00,1609136028316733440,https://twitter.com/i/status/1938972353142366355
twitter,1938972322121306203,"no,2
ã€Switch2æ–°ãŸã«è¨­ã‘ã‚‰ã‚ŒãŸå¿œå‹Ÿæ¡ä»¶ã€‘
ç¬¬1å›ï½ç¬¬4å›ã®æŠ½é¸è²©å£²ã®ã„ãšã‚Œã‹ã«å¿œå‹Ÿã—ã€ä¸€...","no,2
ã€Switch2æ–°ãŸã«è¨­ã‘ã‚‰ã‚ŒãŸå¿œå‹Ÿæ¡ä»¶ã€‘
ç¬¬1å›ï½ç¬¬4å›ã®æŠ½é¸è²©å£²ã®ã„ãšã‚Œã‹ã«å¿œå‹Ÿã—ã€ä¸€åº¦ã‚‚å½“é¸ã—ã¦ã„ãªã„ã“ã¨
â†‘
ã¨ã«ã‹ãå½“ãŸã£ã¦ãªã„äººã€ã¨ã„ã†æ¡ä»¶ã ã­

Nintendo Switch2 æ–°å“ã¯ã‚³ãƒãƒ©
https://t.co/0WSSZw8fhq

https://t.co/CyeMmWrH2C",0,2025-06-28 14:46:40+00:00,1871805185250783232,https://twitter.com/i/status/1938972322121306203
twitter,1938972317456929091,@JamieMoranUK If Nintendo had a service like GameP...,"@JamieMoranUK If Nintendo had a service like GamePass I assure you that it'd be critiziced just as much, by exactly the same people who complain about Xbox GamePass (hint: they play movies on their console instead of games)",0,2025-06-28 14:46:39+00:00,1615357738086694915,https://twitter.com/i/status/1938972317456929091
twitter,1938972296917721449,@Keithrising https://t.co/jFmsrFYJI0,@Keithrising https://t.co/jFmsrFYJI0,0,2025-06-28 14:46:34+00:00,1595210196976300032,https://twitter.com/i/status/1938972296917721449
twitter,1938972287748669602,@FountainCartoon wait until you find out that you'...,@FountainCartoon wait until you find out that you're older than Nintendo,0,2025-06-28 14:46:32+00:00,711068178462302208,https://twitter.com/i/status/1938972287748669602
twitter,1938972205574193623,@statesminds @sanchangox @Wario64 You two are path...,"@statesminds @sanchangox @Wario64 You two are pathetic, and knowing nintendo THIS is not gonna stop because LRG put THIS phisical copy at that price ,the people never asked for that price and nintendo allow THIS with them",0,2025-06-28 14:46:12+00:00,1480345340624658435,https://twitter.com/i/status/1938972205574193623
twitter,1938972190700958101,"Time 100 COmpanies
Waymo 
Maximum Effort 
GAP
Spac...","Time 100 COmpanies
Waymo 
Maximum Effort 
GAP
SpaceX
Nintendo
OpenAI
AnySphere
Pppi 
Softbank https://t.co/WTwoepecz2",2,2025-06-28 14:46:09+00:00,45175974,https://twitter.com/i/status/1938972190700958101
twitter,1938972173475156007,@J1mwiper ãŠé¡˜ã„ã—ã¾ã™https://t.co/aq6Sta8DrI,@J1mwiper ãŠé¡˜ã„ã—ã¾ã™https://t.co/aq6Sta8DrI,0,2025-06-28 14:46:05+00:00,1217412560477028352,https://twitter.com/i/status/1938972173475156007
twitter,1938972172136980907,@7_7carapasota @MenserThe Solo si es Nintendo â˜ï¸,@7_7carapasota @MenserThe Solo si es Nintendo â˜ï¸,0,2025-06-28 14:46:04+00:00,1560850159247888384,https://twitter.com/i/status/1938972172136980907
twitter,1938972166084833748,"ã‚¶ãƒã‚¼ãƒ³ã‚¿ ãŒæ°—ã«ãªã‚‹ãªã‚‰ã€ã“ã‚Œã‚‚çŸ¥ã£ã¦ãŠããŸã„

Nintendo Switch Lite ãƒã‚±ãƒ¢...","ã‚¶ãƒã‚¼ãƒ³ã‚¿ ãŒæ°—ã«ãªã‚‹ãªã‚‰ã€ã“ã‚Œã‚‚çŸ¥ã£ã¦ãŠããŸã„

Nintendo Switch Lite ãƒã‚±ãƒ¢ãƒ³ãƒ‡ã‚¶ã‚¤ãƒ³ ã‚¶ã‚·ã‚¢ãƒ³ãƒ»ã‚¶ãƒã‚¼
https://t.co/me3mzQJsXI",0,2025-06-28 14:46:03+00:00,1692363859,https://twitter.com/i/status/1938972166084833748
